citizen_id,first_name,last_name,aadhaar_no,phone,email,address,district_id,language_pref,created_at,gender
1,Varinder,Kaur,043321819600,6338908386,varinder.kaur0@gmail.com,"House 302, Main Road, Jalandhar",4,Hindi,2024-03-22 19:00:00,Female
2,Parminder,Gill,235116155940,9816184959,parminder.gill1@gmail.com,"House 36, Near Bus Stand, Jalandhar",4,English,2024-05-28 09:00:00,Male
3,Ekamjot,Verma,647525534192,7276483503,ekamjot.verma2@gmail.com,"House 206, Main Road, Patiala",1,Hindi,2024-04-18 17:00:00,Male
4,Fateh,Hundal,376724238849,9965328710,fateh.hundal3@gmail.com,"House 322, Old City, Ludhiana",2,Punjabi,2024-11-01 09:00:00,Male
5,Parminder,Sidhu,784801845146,7704828148,parminder.sidhu4@gmail.com,"House 79, Near Bus Stand, Mansa",10,Punjabi,2024-10-03 20:00:00,Other
6,Fateh,Dhaliwal,957015430391,6718227824,fateh.dhaliwal5@gmail.com,"House 217, Near Bus Stand, Faridkot",9,English,2024-12-31 12:00:00,Male
7,Parminder,Sandhu,787133150983,7010310518,parminder.sandhu6@gmail.com,"House 343, Near Bus Stand, Jalandhar",4,Hindi,2024-10-03 10:00:00,Male
8,Balwinder,Aulakh,973763116566,9010651333,balwinder.aulakh7@gmail.com,"House 72, Near Bus Stand, Faridkot",9,Hindi,2024-05-22 15:00:00,Other
9,Jasleen,Sohal,781080132677,7602606474,jasleen.sohal8@gmail.com,"House 491, Old City, Gurdaspur",7,English,2024-03-20 11:00:00,Male
10,Mandeep,Verma,980500978820,6219136193,mandeep.verma9@gmail.com,"House 21, Main Road, Mansa",10,English,2024-08-02 18:00:00,Male
11,Sukhwinder,Mann,543534624751,6799118384,sukhwinder.mann10@gmail.com,"House 452, Near Bus Stand, Amritsar",3,Hindi,2024-07-08 12:00:00,Other
12,Harpreet,Grewal,498084124118,7449353487,harpreet.grewal11@gmail.com,"House 48, Sector 14, Bathinda",5,Punjabi,2024-01-23 08:00:00,Other
13,Navneet,Randhawa,427868011280,8982620450,navneet.randhawa12@gmail.com,"House 350, Main Road, Mohali",6,Punjabi,2024-06-30 20:00:00,Male
14,Simranjit,Aulakh,923226025634,7160733754,simranjit.aulakh13@gmail.com,"House 13, Old City, Jalandhar",4,Punjabi,2024-06-17 12:00:00,Female
15,Ekamjot,Kaur,458685014294,6196556981,ekamjot.kaur14@gmail.com,"House 98, Main Road, Gurdaspur",7,English,2024-12-28 14:00:00,Female
16,Amrit,Dhaliwal,356159514846,8648236629,amrit.dhaliwal15@gmail.com,"House 208, Main Road, Mansa",10,Hindi,2024-06-04 12:00:00,Other
17,Jasleen,Sidhu,957773872148,8134332003,jasleen.sidhu16@gmail.com,"House 436, Old City, Hoshiarpur",8,English,2024-07-31 18:00:00,Other
18,Sukhwinder,Verma,763201632870,7172788957,sukhwinder.verma17@gmail.com,"House 457, Old City, Mansa",10,English,2024-10-07 15:00:00,Female
19,Fateh,Sharma,743487347143,8558122362,fateh.sharma18@gmail.com,"House 213, Sector 14, Jalandhar",4,Punjabi,2024-10-04 15:00:00,Female
20,Parminder,Singh,669096705466,7734670656,parminder.singh19@gmail.com,"House 471, Main Road, Amritsar",3,Hindi,2024-07-20 17:00:00,Male
21,Sukhwinder,Sandhu,162720465375,8646417080,sukhwinder.sandhu20@gmail.com,"House 333, Main Road, Mohali",6,Punjabi,2024-01-16 11:00:00,Male
22,Jasleen,Sohal,923271937452,6241904966,jasleen.sohal21@gmail.com,"House 304, Main Road, Jalandhar",4,Punjabi,2024-12-22 20:00:00,Male
23,Mandeep,Sohal,190586518506,9165726284,mandeep.sohal22@gmail.com,"House 397, Old City, Mansa",10,English,2024-08-11 19:00:00,Other
24,Sukhwinder,Brar,314737996507,8273545494,sukhwinder.brar23@gmail.com,"House 265, Main Road, Faridkot",9,Punjabi,2024-05-03 19:00:00,Male
25,Parminder,Grewal,377701436349,8788568557,parminder.grewal24@gmail.com,"House 129, Main Road, Bathinda",5,Hindi,2024-04-08 13:00:00,Other
26,Gurpreet,Hundal,233749894134,7524082400,gurpreet.hundal25@gmail.com,"House 358, Old City, Faridkot",9,Hindi,2024-02-22 08:00:00,Other
27,Sukhwinder,Brar,775204711671,6229413186,sukhwinder.brar26@gmail.com,"House 405, Near Bus Stand, Mansa",10,English,2024-09-24 14:00:00,Female
28,Rajvir,Aulakh,496499091334,6232812067,rajvir.aulakh27@gmail.com,"House 150, Near Bus Stand, Mansa",10,Hindi,2024-05-27 19:00:00,Female
29,Mandeep,Hundal,134936183242,6024994717,mandeep.hundal28@gmail.com,"House 207, Old City, Bathinda",5,English,2024-08-12 09:00:00,Female
30,Sukhwinder,Singh,594013990490,7787429671,sukhwinder.singh29@gmail.com,"House 210, Sector 11, Hoshiarpur",8,Hindi,2024-12-09 09:00:00,Female
31,Ekamjot,Sharma,674680715451,9808760385,ekamjot.sharma30@gmail.com,"House 321, Main Road, Mansa",10,Hindi,2024-04-14 12:00:00,Male
32,Simranjit,Sharma,771093248086,6317127484,simranjit.sharma31@gmail.com,"House 242, Old City, Gurdaspur",7,Hindi,2024-10-09 10:00:00,Male
33,Parminder,Verma,821465840449,9278755886,parminder.verma32@gmail.com,"House 446, Near Bus Stand, Hoshiarpur",8,Hindi,2024-10-19 14:00:00,Other
34,Jasleen,Sohal,057662702895,6718702621,jasleen.sohal33@gmail.com,"House 174, Old City, Hoshiarpur",8,Hindi,2024-11-28 09:00:00,Female
35,Ekamjot,Gill,657809134316,6172400504,ekamjot.gill34@gmail.com,"House 221, Near Bus Stand, Mohali",6,Hindi,2024-09-28 14:00:00,Other
36,Sukhwinder,Sandhu,221969379237,8740748217,sukhwinder.sandhu35@gmail.com,"House 154, Sector 14, Mohali",6,English,2024-08-21 12:00:00,Male
37,Jasleen,Sidhu,136959440640,6974395339,jasleen.sidhu36@gmail.com,"House 387, Main Road, Bathinda",5,English,2024-11-17 18:00:00,Female
38,Amrit,Brar,095214562328,8884247451,amrit.brar37@gmail.com,"House 73, Old City, Hoshiarpur",8,Punjabi,2024-10-12 13:00:00,Female
39,Gurpreet,Randhawa,048175496513,9098593174,gurpreet.randhawa38@gmail.com,"House 72, Main Road, Gurdaspur",7,Punjabi,2024-06-04 15:00:00,Female
40,Gurpreet,Kaur,382675869261,9964053773,gurpreet.kaur39@gmail.com,"House 352, Sector 12, Mohali",6,Punjabi,2024-02-01 14:00:00,Female
41,Mandeep,Verma,713900532931,7933529042,mandeep.verma40@gmail.com,"House 129, Main Road, Amritsar",3,English,2024-12-04 08:00:00,Male
42,Harpreet,Singh,395024026811,9758917839,harpreet.singh41@gmail.com,"House 402, Sector 17, Patiala",1,English,2024-08-22 18:00:00,Male
43,Amrit,Singh,661771159212,8998569847,amrit.singh42@gmail.com,"House 221, Main Road, Faridkot",9,English,2024-12-01 18:00:00,Female
44,Fateh,Randhawa,367365766156,8452711116,fateh.randhawa43@gmail.com,"House 379, Near Bus Stand, Ludhiana",2,English,2024-10-11 08:00:00,Other
45,Sukhwinder,Dhaliwal,516560494519,7273158514,sukhwinder.dhaliwal44@gmail.com,"House 414, Main Road, Mansa",10,Punjabi,2024-11-07 18:00:00,Other
46,Ekamjot,Hundal,024455022961,7018366752,ekamjot.hundal45@gmail.com,"House 370, Main Road, Mohali",6,Hindi,2024-01-27 10:00:00,Male
47,Harpreet,Randhawa,014767976438,6561497840,harpreet.randhawa46@gmail.com,"House 307, Main Road, Jalandhar",4,Hindi,2024-04-14 12:00:00,Other
48,Jasleen,Randhawa,445107622683,8160607159,jasleen.randhawa47@gmail.com,"House 208, Sector 14, Gurdaspur",7,English,2024-02-28 14:00:00,Male
49,Amrit,Gill,975161369681,9453521818,amrit.gill48@gmail.com,"House 464, Sector 12, Faridkot",9,Punjabi,2024-11-26 10:00:00,Male
50,Jasleen,Kaur,243292127799,9995527177,jasleen.kaur49@gmail.com,"House 303, Sector 2, Bathinda",5,Hindi,2024-09-16 09:00:00,Female
51,Mandeep,Grewal,005411998679,6793597820,mandeep.grewal50@gmail.com,"House 416, Main Road, Hoshiarpur",8,Punjabi,2024-09-15 18:00:00,Female
52,Harpreet,Singh,778892554665,6515186449,harpreet.singh51@gmail.com,"House 42, Near Bus Stand, Amritsar",3,Hindi,2024-06-28 12:00:00,Male
53,Varinder,Hundal,291486528168,8054235733,varinder.hundal52@gmail.com,"House 40, Main Road, Amritsar",3,Punjabi,2024-09-16 20:00:00,Female
54,Simranjit,Sohal,059296222927,6653794738,simranjit.sohal53@gmail.com,"House 495, Near Bus Stand, Jalandhar",4,Hindi,2024-07-07 18:00:00,Other
55,Sukhwinder,Grewal,468862392407,8818141247,sukhwinder.grewal54@gmail.com,"House 426, Main Road, Faridkot",9,Punjabi,2024-04-23 15:00:00,Female
56,Fateh,Gill,606853615305,6522047277,fateh.gill55@gmail.com,"House 464, Main Road, Mansa",10,Punjabi,2024-05-11 11:00:00,Male
57,Ekamjot,Sharma,986143410369,9117980893,ekamjot.sharma56@gmail.com,"House 220, Sector 1, Amritsar",3,Hindi,2024-05-03 17:00:00,Other
58,Parminder,Sharma,851888880670,9540515319,parminder.sharma57@gmail.com,"House 23, Sector 12, Mohali",6,Punjabi,2024-11-25 10:00:00,Male
59,Ekamjot,Randhawa,722170430305,8868740345,ekamjot.randhawa58@gmail.com,"House 170, Main Road, Patiala",1,English,2024-07-07 14:00:00,Female
60,Fateh,Sidhu,652775841616,7845115447,fateh.sidhu59@gmail.com,"House 219, Old City, Mansa",10,English,2024-06-28 15:00:00,Female
